categories,productos,coto_id,name,price,unit_price
Alimentos Secos,Galletitas,136910,Galletitas Crackers CIUDAD DEL LAGO Paq 330 Grm,17.75,Precio por 1 Kilo : $53.78
Alimentos Secos,Galletitas,72201,Vainillas COTO Paq 170 Grm,14.65,Precio por 1 Kilo : $86.17
Alimentos Secos,Galletitas,72202,Vainillas COTO Paq 500 Grm,39.05,Precio por 1 Kilo : $78.10
Alimentos Secos,Galletitas,288281,Galetitas Dulces GRANIX Coco 7 Granos Granovita Paq 140 Grm,16.45,Precio por 1 Kilo : $117.50
Alimentos Secos,Galletitas,111953,Gall.Dulces Anill Dce.Lech Gold Mundo Paq 250 Grm,16.9,Precio por 1 Kilo : $67.60
Alimentos Secos,Galletitas,293046,Gall.Dulces Choco 210g TODDY Paq 210 Grm,25.69,Precio por 1 Kilo : $122.33
Alimentos Secos,Galletitas,293047,Gall.Dulces Chocolat TODDY Paq 75 Grm,14.99,Precio por 1 Kilo : $199.86
Alimentos Secos,Galletitas,291215,Gall.Dulces Polvoron TIA MARUCA Bsa 400 Grm,24.95,Precio por 1 Kilo : $62.37
Alimentos Secos,Galletitas,256005,Gall.Rellena Vainilla. TODDY Paq 115 Grm,8.8,Precio por 1 Kilo : $76.52
Alimentos Secos,Galletitas,294407,Gall.Secas Avena,27.99,Precio por 1 Kilo : $121.16
Alimentos Secos,Galletitas,249707,Galleta Arroz Integral C/Sal Dos Hermanos Bol 100 Grm,18.75,Precio por 1 Kilo : $187.50
Alimentos Secos,Galletitas,249708,Galleta Arroz Integral Dulce Dos Hermanos Bol 100 Grm.,18.75,Precio por 1 Kilo : $187.50
Alimentos Frescos,Lácteos,80988,Alim. Base Leche Descremada SERECOL Manzan Sqa 1 Ltr,41.29,Precio por 1 Litro : $41.29
Alimentos Frescos,Lácteos,243520,Alim. Base Leche Descremada SERECOL Nja  Dur Sqa 1 Ltr,41.3,Precio por 1 Litro : $41.30
Alimentos Frescos,Lácteos,268395,Alim. Base Leche Descremada SEREMIX Bana-Vainill Sch 1 Lt,29.65,Precio por 1 Litro : $29.65
Alimentos Frescos,Lácteos,268394,Alim. Base Leche Descremada SEREMIX Frutilla Sch 1 Lt,28.3,Precio por 1 Litro : $28.30
Alimentos Frescos,Lácteos,287820,Alim. Base Leche La Serenisima Lv Cafe Latte Bot 1 Ltr,34.15,Precio por 1 Litro : $34.15
Alimentos Frescos,Lácteos,287818,Alim. Base Leche La Serenisima Lv Cappuccino Light Bot 1 Ltr,34.15,Precio por 1 Litro : $34.15
Alimentos Frescos,Lácteos,287823,Alim. Base Leche La Serenisima Lv Cappuccino Light Ttb 250 C,16.35,Precio por 1 Litro : $65.40
Alimentos Frescos,Lácteos,287817,Alim. Base Leche La Serenisima Lv Sabor Cafe Latte Ttb 250 C,16.35,Precio por 1 Litro : $65.40
Alimentos Frescos,Lácteos,287819,Alim. Base Leche La Serenisima Lv Vainilla Flakes Bot 1 Ltr,34.15,Precio por 1 Litro : $34.15
Alimentos Frescos,Lácteos,287821,Alim. Base Leche La Serenisima Lv Vainilla Flakes Ttb 250 Cc,16.35,Precio por 1 Litro : $65.40
Alimentos Frescos,Lácteos,166026,Alim. Infantil A Base Leche De JUNIOR Frutilla Ttb 200 Cc,11.05,Precio por 1 Litro : $55.25
Alimentos Frescos,Lácteos,134686,Alim. Infantil Base Leche JUNIOR Frutilla Sch 1 Ltr,20.29,Precio por 1 Litro : $20.29
Alimentos Secos,Frutas Secas,33884,Avellana/Nuez/Almendra Empaque Mixto FINCA BLANCA Paq 400 Gr,59.93,Precio por 1 Kilo : $149.82
Alimentos Secos,Frutas Secas,256228,Mix Frutas Secas Fincablanca Mani-Pasas-Almendr Pou 100 Grm,42.79,Precio por 1 Kilogramo : $427.90
Alimentos Secos,Frutas Secas,164750,Nuez BLANCANUEZ Sin Cascara Bol 100 Grm,59.95,Precio por 1 Kilo : $599.50
Alimentos Secos,Frutas Secas,214228,Nuez Con Cascara BLANCANUEZ Paq 250 Grm,42.79,Precio por 1 Kilo escurrido: $171.16
Alimentos Secos,Frutas Secas,259583,Pasas De Uva LA PARMESANA Sin Semilla Bol 250 Grm,42.11,Precio por 1 Kilo : $168.44
Alimentos Secos,Frutas Secas,11977,Pasas De Uva PASABLANCA Paq 200 Grm,21.39,Precio por 1 Kilo : $106.95
Alimentos Secos,Frutas Secas,220841,Pasas De Uva POSTREFINO Sin Semillas Paq 125 Grm,17.15,Precio por 1 Kilo : $137.20
Alimentos Secos,Productos Orgánicos,104801,Arroz Esq.De L.Flores Yamani Paq 1 Kgm,56.7,Precio por 1 Kilogramo : $56.70
Alimentos Secos,Productos Orgánicos,96990,Arroz Integral Esq.De L.Flores Paq 1 Kgm,49.25,Precio por 1 Kilogramo : $49.25
Alimentos Secos,Productos Orgánicos,111827,Azucar Organica SCHATZI Paq 500 Grm,37.45,Precio por 1 Kilo : $74.90
Alimentos Secos,Productos Orgánicos,100254,Te Negro Organico Mision  Natural En Hebras Est 100 Grm,31.05,Precio por 1 Kilo : $310.50
Alimentos Secos,Productos Orgánicos,33062,Te Verde Organico MISION NATURAL Hebras Est 100 Grm,32.09,Precio por 1 Kilo : $320.90
Alimentos Secos,Productos Orgánicos,104793,Yerba Mate Org. Suave Laesquinafl Paq 500 Grm,80.25,Precio por 1 Kilo : $160.50
Alimentos Secos,Productos Orgánicos,96995,Yerba Mate Organica Esq.De  L.Flores Tradic. Paq 500 Grm,79.19,Precio por 1 Kilo : $158.38
Alimentos Secos,Productos Orgánicos,100168,Yerba Mate Organica MISION NATURAL Paq 500 Grm,99.25,Precio por 1 Kilo : $198.50
Alimentos Secos,Alimento Bebe,294464,Alim.Bebe Manzana Y Bana Vital Pak 400 Grm,66.45,Precio por 1 Kilo : $166.12
Alimentos Secos,Alimento Bebe,210397,Alimento P/Bebe FRUTAPURA Manzana Pak 400 Grm,66.45,Precio por 1 Kilo : $166.12
Alimentos Secos,Alimento Bebe,210396,Alimento P/Bebe FRUTAPURA Manzana/Banana Pak 400 Grm,66.45,Precio por 1 Kilo : $166.12
Alimentos Secos,Alimento Bebe,210395,Alimento P/Bebe FRUTAPURA Multifruta Pak 400 Grm,66.45,Precio por 1 Kilo : $166.12
Alimentos Secos,Alimento Bebe,286139,Alimento Para Bebe NUTRIBABY Manzana Pak 113 Grm,16.25,Precio por 1 Kilo : $143.80
Alimentos Secos,Alimento Bebe,286130,Alimento Para Bebe NUTRIBABY Manzana Y Banana Pak 113 Grm,16.25,Precio por 1 Kilo : $143.80
Alimentos Secos,Alimento Bebe,286135,Alimento Para Bebe NUTRIBABY Manzana Y Pera Pak 113 Grm,16.25,Precio por 1 Kilo : $143.80
Alimentos Secos,Alimento Bebe,286134,Alimento Para Bebe NUTRIBABY Mix De Frutas Pak 113 Grm,16.25,Precio por 1 Kilo : $143.80
Alimentos Secos,Alimento Bebe,286136,Alimento Para Bebe NUTRIBABY Pack Frutal Pak 452 Grm,53.35,Precio por 1 Kilo : $118.03
Alimentos Secos,Alimento Bebe,286138,Alimento Para Bebe NUTRIBABY Pera Pak 113 Grm,16.25,Precio por 1 Kilo : $143.80
Alimentos Secos,Alimento Bebe,286132,Alimento Para Bebe NUTRIBABY Vegetal Con Arroz  Pak 113 Grm,16.25,Precio por 1 Kilo : $143.80
Alimentos Secos,Alimento Bebe,286133,Alimento Para Bebe NUTRIBABY Vegetal Con Carne Pak 113 Grm,16.25,Precio por 1 Kilo : $143.80
Alimentos Secos,Sabores Del Mundo,236912,Aceite Oliva COLAVITA Extra Virgen Bot 500 Ml,235.39,Precio por 1 Litro : $470.78
Alimentos Secos,Sabores Del Mundo,210325,Aceite Oliva Filippo Beri Puro Bot 500 Ml,235.39,Precio por 1 Litro : $470.78
Alimentos Secos,Sabores Del Mundo,195700,Aceite Oliva FILIPPO BERIO Extra Virgen Bot 250 Ml,128.39,Precio por 1 Litro : $513.56
Alimentos Secos,Sabores Del Mundo,203430,Aceitunas Verdes YBARRA Rellenas C/Pimient Fra 240 Grm,124.15,Precio por 1 Kilo escurrido: $874.29
Alimentos Secos,Sabores Del Mundo,203432,Aceitunas Verdes YBARRA Rellenas C/Salmon Fra 240 Grm,85.59,Precio por 1 Kilo escurrido: $602.74
Alimentos Secos,Sabores Del Mundo,213419,Aceto Balsamico COLAVITA Bot 500 Ml,134.85,Precio por 1 Litro : $269.70
Alimentos Secos,Sabores Del Mundo,261531,Aderezo TAU DELTA Chimichurri Pet 340 Grm,47.09,Precio por 1 Kilo : $138.50
Alimentos Secos,Sabores Del Mundo,57060,Arroces Con Azafran  LA CARMELITA P/Paella Est 5 Uni,72.75,Precio por 1 Kilogramo : $727.50
Alimentos Secos,Sabores Del Mundo,219130,Arroz Riso Arborio DE CECCO Cja 1 Kg,221.95,Precio por 1 Kilogramo escurrido: $221.95
Alimentos Secos,Sabores Del Mundo,228926,Berenjenas Condimentadas En Aceite ALCARAZ Fra 300 Grm,111.39,Precio por 1 Kilo escurrido: $556.95
Alimentos Secos,Sabores Del Mundo,118834,Cafe Molido SEGAFREDO Espresso Casa Paq 250 Grm,88.29,Precio por 1 Kilo : $353.16
Alimentos Secos,Sabores Del Mundo,118833,Cafe Molido SEGAFREDO Intermezzo Paq 250 Grm,85.59,Precio por 1 Kilo : $342.36
Alimentos Secos,Leches En Polvo,243504,Crema En Polvo COFFEE MATE Light Tar 170 Grm,42.75,Precio por 1 Kilo : $251.47
Alimentos Secos,Leches En Polvo,261955,Leche E/Polvo Descremada C/C SVELTY Pou 400 Grm,50.4,Precio por 1 Kilo : $126.00
Alimentos Secos,Leches En Polvo,177747,Leche E/Polvo Inst.Ent PURISIMA Pou 400 Grm,41.32,Precio por 1 Kilo : $103.30
Alimentos Secos,Leches En Polvo,229289,Leche E/Polvo Nido,53.49,Precio por 1 Kilo : $133.72
Alimentos Secos,Leches En Polvo,254033,Leche En Polvo Descremada Con LA SERENISIMA Bsa 200 Grm,39.05,Precio por 1 Kilo : $195.25
Alimentos Secos,Leches En Polvo,128918,Leche En Polvo Descremada COTO Est 400 Grm,49.25,Precio por 1 Kilo : $123.12
Alimentos Secos,Leches En Polvo,254037,Leche En Polvo Descremada LA SERENISIMA C/Vit B Est 400 Grm,65.29,Precio por 1 Kilo : $163.22
Alimentos Secos,Leches En Polvo,114608,Leche En Polvo Descremada PURISIMA Est 400 Grm,64.19,Precio por 1 Kilo : $160.47
Alimentos Secos,Leches En Polvo,256851,Leche En Polvo Descremada SAN REGIM Dieta Equi Cja 500 Grm,102.75,Precio por 1 Kilo : $205.50
Alimentos Secos,Leches En Polvo,231420,Leche En Polvo Descremada SANCOR 30 Sticks Cja 150 Grm,53.49,Precio por 1 Kilo : $356.60
Alimentos Secos,Leches En Polvo,262152,Leche En Polvo Descremada SVELTY Bsa 800 Grm,112.35,Precio por 1 Kilo : $140.43
Alimentos Secos,Leches En Polvo,261367,Leche En Polvo Descremada SVELTY C/Vitam A&D Paq 600 Grm,87.85,Precio por 1 Kilo : $146.41
Alimentos Secos,Legumbres,262109,Arvejas EGRAN Secas Partidas Bsa 500 Grm,17.15,Precio por 1 Kilo escurrido: $34.30
Alimentos Secos,Legumbres,25023,Arvejas Partidas ELIO Bol 400 Grm,18.85,Precio por 1 Kilo : $47.12
Alimentos Secos,Legumbres,127115,Arvejas Partidas LA EGIPCIANA Bol 400 Grm,16.05,Precio por 1 Kilo : $40.12
Alimentos Secos,Legumbres,170565,Arvejas Partidas LONQUIMAY Bol 400 Grm,12.85,Precio por 1 Kilo : $32.12
Alimentos Secos,Legumbres,6686,Arvejas Partidas RAMONEDA Bol 500 Grm,16.05,Precio por 1 Kilo : $32.10
Alimentos Secos,Legumbres,281870,Garbanzos CIUDAD DEL LAGO Secos Remojados Lat 350 Grm,14.95,Precio por 1 Kilo escurrido: $42.71
Alimentos Secos,Legumbres,262114,Garbanzos EGRAN Bsa 500 Grm,32.09,Precio por 1 Kilo escurrido: $64.18
Alimentos Secos,Legumbres,25028,Garbanzos ELIO Bol 400 Grm,24.6,Precio por 1 Kilo : $61.50
Alimentos Secos,Legumbres,202029,Garbanzos INALPA Secos Remojados Lat 350 Grm,16.05,Precio por 1 Kilo escurrido: $78.29
Alimentos Secos,Legumbres,128964,Garbanzos INCA Secos Remojados Lat 350 Grm,16.05,Precio por 1 Kilogramo escurrido: $79.46
Alimentos Secos,Legumbres,127116,Garbanzos LA EGIPCIANA Bol 400 Grm,17.15,Precio por 1 Kilo : $42.87
Alimentos Secos,Legumbres,170568,Garbanzos LONQUIMAY Bol 400 Grm,12.85,Precio por 1 Kilo : $32.12
Alimentos Secos,Encurtidos,197372,Aceituna Negra CASTELL Fra 300 Grm,48.49,Precio por 1 Kilo escurrido: $242.45
Alimentos Secos,Encurtidos,294966,Aceituna Vde.Desc Castell Fra 360 Grm,50.29,Precio por 1 Kilo escurrido: $279.38
Alimentos Secos,Encurtidos,124091,Aceituna Vde.Rell CASTELL Fra 300 Grm,41.75,Precio por 1 Kilo escurrido: $208.75
Alimentos Secos,Encurtidos,114618,Aceituna Verde CASTELL Fra 300 Grm,37.79,Precio por 1 Kilo escurrido: $188.95
Alimentos Secos,Encurtidos,220071,Aceituna Verde Gordal CASTELL Fra 800 Grm,139.09,Precio por 1 Kilo escurrido: $278.18
Alimentos Secos,Encurtidos,286196,Aceitunas ATILIO AVENA Descarozadas Fra 300 Grm,42.79,Precio por 1 Kilo escurrido: $285.26
Alimentos Secos,Encurtidos,269676,Aceitunas Negras ATILIO AVENA En Salm Arauco Premium Fra 500,87.19,Precio por 1 Kilo escurrido: $174.38
Alimentos Secos,Encurtidos,86460,Aceitunas Negras CASTELL Pou 200 Grm,21.39,Precio por 1 Kilo escurrido: $213.90
Alimentos Secos,Encurtidos,100351,Aceitunas Negras CASTELL Pou 300 Grm,31.25,Precio por 1 Kilo escurrido: $173.61
Alimentos Secos,Encurtidos,261903,Aceitunas Negras CORMILLOT Descarozadas Fra 360 Grm,56.29,Precio por 1 Kilo escurrido: $312.72
Alimentos Secos,Encurtidos,101924,Aceitunas Negras NUCETE Descarozadas Light Fra 360 Grm,58.85,Precio por 1 Kilo escurrido: $326.94
Alimentos Secos,Encurtidos,165847,Aceitunas Negras NUCETE En Rodajas Doy 300 Grm,39.15,Precio por 1 Kilo escurrido: $261.00
Alimentos Secos,Panadería - Elaboración Propia,284553,Alfajor Bañado Chocolate Blanco LA TORTERIA Bli 6 Uni,36,Precio por 1 Unidad : $6.00
Alimentos Secos,Panadería - Elaboración Propia,206383,Alfajor Bañado Chocolate Negro LA TORTERIA Bli 6 Uni,36,Precio por 1 Unidad : $6.00
Alimentos Secos,Panadería - Elaboración Propia,47367,Alfajor Fecula Vainilla -T  X 1 Blister,27.5,Precio por 1 Unidad : $27.50
Alimentos Secos,Panadería - Elaboración Propia,208057,Alfajor Maicena Clasico Bli X 6 Uni,36,Precio por 1 Unidad : $6.00
Alimentos Secos,Panadería - Elaboración Propia,44544,Baguette COTO X Uni,6.5,Precio por 1 Unidad : $6.50
Alimentos Secos,Panadería - Elaboración Propia,44657,Baguette COTO X Uni,6.5,Precio por 1 Unidad : $6.50
Alimentos Secos,Panadería - Elaboración Propia,44547,Baguette De Salvado COTO X Uni,7.1,Precio por 1 Unidad : $7.10
Alimentos Secos,Panadería - Elaboración Propia,272709,Biscuit Briosh Paq 125 Grm,22,Precio por 1 Kilo : $176.00
Alimentos Secos,Panadería - Elaboración Propia,47498,Bollito Manteca COTO X Kg,53.89,Precio por 1 Kilogramo : $53.89
Alimentos Secos,Panadería - Elaboración Propia,47499,Bollito Queso COTO X Kg,53.89,Precio por 1 Kilogramo : $53.89
Alimentos Secos,Panadería - Elaboración Propia,47501,Bollito Salvado COTO X Kg,53.89,Precio por 1 Kilogramo : $53.89
Alimentos Secos,Panadería - Elaboración Propia,44059,Bollitos Ajo COTO X Kg,53.89,
Alimentos Secos,Tostadas,260690,Tarteletas VALENTE Paq 35 Uni 150 Grm,42.79,Precio por 1 Kilo : $285.26
Alimentos Secos,Tostadas,186540,Tostadas BAUDUCCO Con Gluten Paq 140 Grm,36.39,Precio por 1 Kilo : $227.43
Alimentos Secos,Tostadas,186587,Tostadas BAUDUCCO Light Paq 160 Grm,36.39,Precio por 1 Kilo : $227.43
Alimentos Secos,Tostadas,258046,Tostadas BAUDUCCO Multigranos Paq 160 Grm,36.39,Precio por 1 Kilo : $227.43
Alimentos Secos,Tostadas,282838,Tostadas Brevis Dulces Paq 200 Grm,29.95,Precio por 1 Kilo escurrido: $149.75
Alimentos Secos,Tostadas,55582,Tostadas BREVISS Bol 140 Grm,31.95,Precio por 1 Kilo : $228.21
Alimentos Secos,Tostadas,55583,Tostadas BREVISS De Salvado Bol 140 Grm,31.95,Precio por 1 Kilo : $228.21
Alimentos Secos,Tostadas,55585,Tostadas BREVISS Light Bol 140 Grm,31.95,Precio por 1 Kilo : $228.21
Alimentos Secos,Tostadas,131871,Tostadas BREVISS Light De Gluten Paq 200 Grm,29.95,Precio por 1 Kilo : $149.75
Alimentos Secos,Tostadas,266987,Tostadas BREVISS Ligth 3 Cereales  Paq 110 Grm,27.69,Precio por 1 Kilo : $251.72
Alimentos Secos,Tostadas,80015,Tostadas BREVISS Multicereal Est 125 Grm,31.95,Precio por 1 Kilo : $266.25
Alimentos Secos,Tostadas,95727,Tostadas BREVISS Multivitaminas Paq 200 Grm,29.95,Precio por 1 Kilo : $149.75
Alimentos Secos,Rebozador Y Pan Rallado,203438,Pan Rallado CASERITA Vita K Bol 500 Grm,14.99,Precio por 1 Kilo : $29.98
Alimentos Secos,Rebozador Y Pan Rallado,270381,Pan Rallado CASERITA Vita K Bsa 1 Kg,29.49,Precio por 1 Kilo : $29.49
Alimentos Secos,Rebozador Y Pan Rallado,258810,Pan Rallado MAMA COCINA Paq 1 Kgm,27.86,Precio por 1 Kilogramo : $27.86
Alimentos Secos,Rebozador Y Pan Rallado,258811,Pan Rallado MAMA COCINA Paq 500 Grm,18.09,Precio por 1 Kilo : $36.18
Alimentos Secos,Rebozador Y Pan Rallado,257847,Pan Rallado PREFERIDO Bsa 1 Kgm,39.59,Precio por 1 Kilogramo : $39.59
Alimentos Secos,Rebozador Y Pan Rallado,258062,Pan Rallado PREFERIDO Bsa 500 Grm,19.59,Precio por 1 Kilo : $39.18
Alimentos Secos,Rebozador Y Pan Rallado,203437,Rebozador CASERITA Vita K Bol 500 Grm,14.99,Precio por 1 Kilo : $29.98
Alimentos Secos,Rebozador Y Pan Rallado,270380,Rebozador CASERITA Vita K Bsa 1 Kg,29.49,Precio por 1 Kilo : $29.49
Alimentos Secos,Rebozador Y Pan Rallado,261953,Rebozador P/Freir MAMA COCINA Paq 1 Kgm,36.29,Precio por 1 Kilogramo : $36.29
Alimentos Secos,Rebozador Y Pan Rallado,258814,Rebozador P/Freir MAMA COCINA Paq 500 Grm,18.09,Precio por 1 Kilo : $36.18
Alimentos Secos,Rebozador Y Pan Rallado,258813,Rebozador P/Horno MAMA COCINA Paq 1 Kgm,43.75,Precio por 1 Kilogramo : $43.75
Alimentos Secos,Rebozador Y Pan Rallado,258812,Rebozador P/Horno MAMA COCINA Paq 500 Grm,25.59,Precio por 1 Kilo : $51.18
Alimentos Secos,Polvo Para Postres,3984,Baño De Chocolate AGUILA Blanco Pou 150 Grm,35.05,Precio por 1 Kilo : $233.66
Alimentos Secos,Polvo Para Postres,10971,Baño De Chocolate AGUILA Con Leche Pou 150 Grm,33.95,Precio por 1 Kilo : $226.33
Alimentos Secos,Polvo Para Postres,3985,Baño De Chocolate AGUILA Semi Amargo Pou 150 Grm,33.95,Precio por 1 Kilo : $226.33
Alimentos Secos,Polvo Para Postres,194728,Baño De Chocolate GEORGALOS Leche Sch 150 Grm,32.09,Precio por 1 Kilo : $213.93
Alimentos Secos,Polvo Para Postres,183514,Baño De Chocolate GEORGALOS Reposteria S/Amarg Pou 150 Grm,32.09,Precio por 1 Kilo : $213.93
Alimentos Secos,Polvo Para Postres,260887,Bizcochuelo Redondo Vainilla VALENTE Bli 550 Grm,77.05,Precio por 1 Kilo : $140.09
Alimentos Secos,Polvo Para Postres,14578,Cobertura D/Chocolate AGUILA Chocolitos S/Amargo Bol 150 Gr,37.65,Precio por 1 Kilo : $251.00
Alimentos Secos,Polvo Para Postres,183318,Cobertura De Chocolate GEORGALOS Blanco Paq 100 Grm,30.19,Precio por 1 Kilo : $301.90
Alimentos Secos,Polvo Para Postres,246602,Crema Chantilly DOS ANCLAS Sob 50 Grm,16,Precio por 100 Gramos : $32.00
Alimentos Secos,Polvo Para Postres,249426,Crema Chantilly Royal Sob 50 Grm,16.05,Precio por 100 Gramos escurridos: $32.10
Alimentos Secos,Polvo Para Postres,287965,Gelatina Light Arandanos FRAMS Cja 26 Grm,16.99,Precio por 100 Gramos : $65.35
Alimentos Secos,Polvo Para Postres,287966,Gelatina Light Cereza FRAMS Cja 26 Grm,16.99,Precio por 100 Gramos : $65.35
Alimentos Secos,Bizcochuelos - Budines - Especialidades,55677,Biscuits GOLD MUNDO Paq 250 Grm,44.39,Precio por 1 Kilo : $177.56
Alimentos Secos,Bizcochuelos - Budines - Especialidades,81779,Biscuits H.J. Paq 130 Grm,16.05,Precio por 1 Kilo : $123.46
Alimentos Secos,Bizcochuelos - Budines - Especialidades,7746,Biscuits SORIANO Bol 250 Grm,44.89,Precio por 1 Kilo : $179.56
Alimentos Secos,Bizcochuelos - Budines - Especialidades,206615,Biscuits SORIANO Con Chips Paq 200  Grm,33.89,Precio por 1 Kilo : $169.45
Alimentos Secos,Bizcochuelos - Budines - Especialidades,67098,Biscuits SORIANO Paq 125 Grm,22.75,Precio por 1 Kilo : $182.00
Alimentos Secos,Bizcochuelos - Budines - Especialidades,163559,Biscuits TIA MARUCA Bsa 140 Grm,22.45,Precio por 1 Kilo : $160.35
Alimentos Secos,Bizcochuelos - Budines - Especialidades,282659,Bizcochitos LA CUMBRE C/ Semillas De Ses Bsa 170 Grm,26.05,Precio por 1 Kilo : $153.23
Alimentos Secos,Bizcochuelos - Budines - Especialidades,282647,Bizcochitos LA CUMBRE C/Semillas De Chia Bsa 170 Grm,28.45,Precio por 1 Kilo : $167.35
Alimentos Secos,Bizcochuelos - Budines - Especialidades,282646,Bizcochitos LA CUMBRE Clasicos 0,20.6,Precio por 1 Kilo : $121.17
Alimentos Secos,Bizcochuelos - Budines - Especialidades,282660,Bizcochitos LA CUMBRE Clasicos Materos Paq 170 Grm,18.49,Precio por 1 Kilo : $108.76
Alimentos Secos,Bizcochuelos - Budines - Especialidades,272616,Bizcocho Dulces GALLO SNACK Tortita Negra Bsa 100 Grm,24.99,Precio por 1 Kilo : $249.90
Alimentos Secos,Bizcochuelos - Budines - Especialidades,30178,Bizcochos Agridulce 9 DE ORO Bol 200 Grm,12.29,Precio por 1 Kilo : $61.45
Alimentos Secos,Arroz,2270,Arroz Ala Blanco Paq 1 Kgm,16.15,Precio por 1 Kilogramo : $16.15
Alimentos Secos,Arroz,132645,Arroz CIUDAD DEL LAGO Largo Fino 0000 Paq 1 Kgm,11.99,Precio por 1 Kilogramo : $11.99
Alimentos Secos,Arroz,132642,Arroz CIUDAD DEL LAGO Largo Fino 00000 Paq 1 Kgm,12.85,Precio por 1 Kilogramo : $12.85
Alimentos Secos,Arroz,250117,Arroz DOS HERMANOS Carnaroli Cja 500 Grm,32.09,Precio por 1 Kilogramo : $64.18
Alimentos Secos,Arroz,6099,Arroz DOS HERMANOS Integral Paq 1 Kgm,16.85,Precio por 1 Kilogramo : $16.85
Alimentos Secos,Arroz,53908,Arroz DOS HERMANOS Largo Fino 00000 Paq 1kgm,16.05,Precio por 1 Kilogramo : $16.05
Alimentos Secos,Arroz,247497,Arroz DOS HERMANOS Largo Fino 00000 Paq 500 Grm,8.45,Precio por 1 Kilogramo : $16.90
Alimentos Secos,Arroz,74501,Arroz DOS HERMANOS Parboil Bsa 1 Kgm,20.35,Precio por 1 Kilogramo : $20.35
Alimentos Secos,Arroz,247498,Arroz DOS HERMANOS Parboil Paq 500 Grm,10.59,Precio por 1 Kilogramo : $21.18
Alimentos Secos,Arroz,264918,Arroz GALLO Carnaroli Est 500 Grm,34.25,Precio por 1 Kilogramo : $68.50
Alimentos Secos,Arroz,282095,Arroz GALLO Doble Carolina Bsa 500 Grm,25.95,Precio por 1 Kilo : $51.90
Alimentos Secos,Arroz,264991,Arroz GALLO Doble Carolina Est 1 Kgm,50.29,Precio por 1 Kilogramo escurrido: $50.29
Alimentos Secos,Mermeladas Y Dulces,215821,Alimento A Base De Miel LAS PRADERAS Pot 250 Grm,22.49,Precio por 1 Kilo : $89.96
Alimentos Secos,Mermeladas Y Dulces,224705,Almidon De Maiz KAPAC 500 Grm Libre De Gluten,34.25,Precio por 1 Kilo : $68.50
Alimentos Secos,Mermeladas Y Dulces,252863,Confitura De Durazno EL BOLSON Fra 450 Grm,97.39,Precio por 1 Kilo : $216.42
Alimentos Secos,Mermeladas Y Dulces,204750,Confitura R.Mosqueta Patag.Berri Fra 260 Grm,81.35,Precio por 1 Kilo : $312.88
Alimentos Secos,Mermeladas Y Dulces,287350,Confitura SAN GIORGIO Tomate Con Menta Fra 220 Grm,128.39,Precio por 1 Kilo : $583.59
Alimentos Secos,Mermeladas Y Dulces,242493,Dulce Confitura Frutos Del Bosque EL BOLSON Fra 450 Grm,128.39,Precio por 1 Kilo : $285.31
Alimentos Secos,Mermeladas Y Dulces,39531,Dulce De Frambuesa CABAÑA MICO Fra 454 Grm,85.59,Precio por 1 Kilo : $188.52
Alimentos Secos,Mermeladas Y Dulces,58948,Dulce De Frambuesa Diet DULCE MASSEUBE Fra 260 Grm,89.89,Precio por 1 Kilo : $345.73
Alimentos Secos,Mermeladas Y Dulces,269005,Dulce De Frambuesa Patagonia Berries Fra 350 Grm,90.95,Precio por 1 Kilo : $259.85
Alimentos Secos,Mermeladas Y Dulces,58949,Dulce De Frutilla Diet DULCE MASSEUBE Fra 260 Grm,71.69,Precio por 1 Kilo : $275.73
Alimentos Secos,Mermeladas Y Dulces,269007,Dulce De Frutilla Patagonia Berries Fra 350 Grm,90.95,Precio por 1 Kilo : $259.85
Alimentos Secos,Mermeladas Y Dulces,39529,Dulce De Mosqueta CABAÑA MICO Fra 454 Grm,72.75,Precio por 1 Kilo : $160.24
Otros,Pilas Y Accesorios,110843,Bateria Fotogr. Zinc Air A23 X 2und. -922400 - .,18.09,
Otros,Pilas Y Accesorios,253733,Pilas Recargables RAYOVAC Pl715 2 Aa,119,
Otros,Pilas Y Accesorios,253735,Pilas Recargables RAYOVAC Pl724 Platinum Grade 2 Aaa,119,
Alimentos Secos,Galletitas,249709,Galleta Arroz Integral S/Sal Dos Hermanos Bol 100 Grm,18.75,Precio por 1 Kilo : $187.50
Alimentos Secos,Galletitas,163519,Galleta C/Gluten TIA MARUCA Bsa 180 Grm,18.09,Precio por 1 Kilo : $100.50
Alimentos Secos,Galletitas,238083,Galleta De Cereal Gall Multicere GRANDIET Bsa 100 Grm,14.07,Precio por 1 Kilo : $140.70
Alimentos Secos,Galletitas,163564,Galleta Light TIA MARUCA Bsa 180 Grm,18.09,Precio por 1 Kilo : $100.50
Alimentos Secos,Galletitas,283554,Galleta Marinera Bizantina Mate Bsa 180 Grm,21.19,Precio por 1 Kilo : $117.72
Alimentos Secos,Galletitas,262553,Galleta Marinera LA BIZANTINA Avena Y Girasol Paq 180 Grm,25.95,Precio por 1 Kilo : $144.16
Alimentos Secos,Galletitas,267941,Galleta MARTIN Con Gluten Paq 160 Grm,24.39,Precio por 1 Kilo : $152.43
Alimentos Secos,Galletitas,264079,Galletas Avena CACHAFAZ Pasas De Uva  Paq 225 Grm,32.09,Precio por 1 Kilo : $142.62
Alimentos Secos,Galletitas,258159,Galletas CLUB SOCIAL Jamon Paq 258 Grm,56.59,Precio por 1 Kilo : $219.34
Alimentos Secos,Galletitas,181750,Galletas De Arroz Arrocitas 3 Cereales Paq 101 Grm,28.35,Precio por 1 Kilo : $280.69
Alimentos Secos,Galletitas,287355,Galletas De Arroz BREVISS Light Paq 110 Grm,27.69,Precio por 1 Kilo : $251.72
Alimentos Secos,Galletitas,238084,Galletas De Arroz GRANDIET Con Sal Bsa 100 Grm,18.19,Precio por 1 Kilo : $181.90
Alimentos Frescos,Lácteos,134688,Alim. Infantil Base Leche JUNIOR Manzana Sch 1 Ltr,20.29,Precio por 1 Litro : $20.29
Alimentos Frescos,Lácteos,166025,Alim. Infantil Base Leche JUNIOR Manzana Ttb 200 Cc,11.05,Precio por 1 Litro : $55.25
Alimentos Frescos,Lácteos,262258,Alimento Lacteo DANONINO Frutilla Danoform 4 Un 400 Grm,46.29,Precio por 1 Kilo : $115.72
Alimentos Frescos,Lácteos,262256,Alimento Lacteo DANONINO Frutilla Danoformis Bot 185 Gr,18.29,Precio por 1 Kilo : $98.86
Alimentos Frescos,Lácteos,160107,Alimento Lacteo DANONINO Maxi Frutilla Pak 161grm,18.19,Precio por 1 Kilo : $112.98
Alimentos Frescos,Lácteos,262257,Alimento Lacteo DANONINO Vainilla Danoformi Bot 185 Grm,18.29,Precio por 1 Kilo : $98.86
Alimentos Frescos,Lácteos,242104,Arroz Con Leche TREGAR Chocolate Pot 180 Grm,11.25,Precio por 1 Kilo : $62.50
Alimentos Frescos,Lácteos,161829,Arroz Con Leche TREGAR Clasico Pot 180 Grm,11.25,Precio por 1 Kilo : $62.50
Alimentos Frescos,Lácteos,164422,Arroz Con Leche TREGAR Con Canela Pot 180 Grm,11.25,Precio por 1 Kilo : $62.50
Alimentos Frescos,Lácteos,161830,Arroz Con Leche TREGAR Con Dulce De Leche Pot 180 Grm,11.25,Precio por 1 Kilo : $62.50
Alimentos Frescos,Lácteos,181001,Arroz Con Leche TREGAR Light Pot 180 Grm,11.25,Precio por 1 Kilo : $62.50
Alimentos Frescos,Lácteos,130357,Crema De Leche CIUDAD DEL LAGO Pot 200 Cc,15.4,Precio por 1 Litro : $77.00
Alimentos Secos,Alimento Bebe,286137,Alimento Para Bebe NUTRIBABY Vegetal Con Pasta Pak 113 Grm,16.25,Precio por 1 Kilo : $143.80
Alimentos Secos,Alimento Bebe,286131,Alimento Para Bebe NUTRIBABY Vegetal Con Pollo Pak 113 Grm,16.25,Precio por 1 Kilo : $143.80
Alimentos Secos,Alimento Bebe,286129,Alimento Para Bebe NUTRIBABY Vegetal Con Pollo Pak 113 Grm,16.25,Precio por 1 Kilo : $143.80
Alimentos Secos,Alimento Bebe,250196,Alimento Para Bebe Organico Manzana NUTRIBABY Pack 226 Grm,28.99,Precio por 1 Kilo : $128.27
Alimentos Secos,Alimento Bebe,250192,Alimento Para Bebe Organico NUTRIBABY Manz/Ban  Pak 226grm,28.99,Precio por 1 Kilo : $128.27
Alimentos Secos,Alimento Bebe,250193,Alimento Para Bebe Organico NUTRIBABY Manza/Pera Pak 226 G,28.99,Precio por 1 Kilo : $128.27
Alimentos Secos,Alimento Bebe,250195,Alimento Para Bebe Organico NUTRIBABY Mix De Frut Pak 226g,28.99,Precio por 1 Kilo : $128.27
Alimentos Secos,Alimento Bebe,250194,Alimento Para Bebe Organico NUTRIBABY Pera Pack 226 Grm,28.99,Precio por 1 Kilo : $128.27
Alimentos Secos,Alimento Bebe,256573,Cereal Infantil Arroz C/Hierro NESTUM Cja 200 Grm,42.99,Precio por 1 Kilo : $214.95
Alimentos Secos,Alimento Bebe,256569,Cereal Infantil Bebible Trigo NESTUM Bsa 400 Grm,59.99,Precio por 1 Kilo : $149.97
Alimentos Secos,Alimento Bebe,267194,Cereal Infantil Espinaca Vegetales NESTUM 200 Grm,42.99,Precio por 1 Kilo : $214.95
Alimentos Secos,Alimento Bebe,262154,Cereal Infantil NESTUM Multicereal C/Hierro Bsa 500 G,66.99,Precio por 1 Kilo : $133.98
Alimentos Secos,Sabores Del Mundo,228929,Chucrut ALCARAZ Fra 310 Grm,77.15,Precio por 1 Kilo escurrido: $275.53
"Alimentos Secos,Sabores Del Mundo,258621,Condimento Ahumado SAN GIORGIO Fra 75 Grm,75.99,""Precio por 1 Kilo : $1,013.20"""
Alimentos Secos,Sabores Del Mundo,204747,Confitura Patagonia Berries Light Frut. Bosque Fra 260 Grm,80.25,Precio por 1 Kilo : $308.65
Alimentos Secos,Sabores Del Mundo,204749,Confitura Patagonia Berries Light Frutilla Fra 260 Grm,81.35,Precio por 1 Kilo : $312.88
Alimentos Secos,Sabores Del Mundo,204748,Confitura Patagonia Berries Light Zarzamora Fra 260 Grm,74.89,Precio por 1 Kilo : $288.03
Alimentos Secos,Sabores Del Mundo,255980,Crema Avellana NUTELLA Pot 350 Grm,100.89,Precio por 1 Kilo : $288.25
Alimentos Secos,Sabores Del Mundo,172569,Crema De Avellana NUTELLA Pot 140 Grm,52.95,Precio por 1 Kilo : $378.21
Alimentos Secos,Sabores Del Mundo,230665,Dulce De Cerezas Negras MASSEUBE Fra 450 Grm,101.65,Precio por 1 Kilo : $225.88
Alimentos Secos,Sabores Del Mundo,230664,Dulce De Frambuesa MASSEUBE Fra 450 Grm,123.05,Precio por 1 Kilo : $273.44
Alimentos Secos,Sabores Del Mundo,33671,Dulce De Frutilla CABAÑA MICO Fra 454 Grm,85.59,Precio por 1 Kilo : $188.52
Alimentos Secos,Sabores Del Mundo,230660,Dulce De Frutillas MASSEUBE Fra 450 Grm,100.59,Precio por 1 Kilo : $223.53
Alimentos Secos,Sabores Del Mundo,230668,Dulce De Frutos Del Bosque MASSEUBE Fra 450 Grm,123.05,Precio por 1 Kilo : $273.44
Alimentos Secos,Leches En Polvo,257385,Leche En Polvo Entera Con Vit SANCOR Cja 800 Grm,128.39,Precio por 1 Kilo : $160.48
Alimentos Secos,Leches En Polvo,128296,Leche En Polvo Entera COTO Est 800 Grm,86.69,Precio por 1 Kilo : $108.36
Alimentos Secos,Leches En Polvo,198744,Leche En Polvo Entera FORMIDABLE Pou 800 Grm,81.35,Precio por 1 Kilo : $101.68
Alimentos Secos,Leches En Polvo,263028,Leche En Polvo Entera LA LECHERA Con Zinc Pou 800 Grm,89.89,Precio por 1 Kilo : $112.36
Alimentos Secos,Leches En Polvo,289061,Leche En Polvo Entera LA SERENISIMA Baby 1 Lat 750 Grm,200.79,Precio por 1 Kilo : $267.72
Alimentos Secos,Leches En Polvo,289062,Leche En Polvo Entera LA SERENISIMA Baby 3 Lat 750 Grm,156.25,Precio por 1 Kilo : $208.33
Alimentos Secos,Leches En Polvo,3120,Leche En Polvo Entera LA SERENISIMA Deslac. Est 500 Grm,113.45,Precio por 1 Kilo : $226.90
Alimentos Secos,Leches En Polvo,289060,Leche En Polvo Entera La Serenísima Baby 2 Lat 750 Grm,192.59,Precio por 1 Kilo : $256.78
Alimentos Secos,Leches En Polvo,284966,Leche En Polvo Entera NIDO Con Chocolate Pou 360 Grm,49.23,Precio por 1 Kilo : $136.75
Alimentos Secos,Leches En Polvo,284967,Leche En Polvo Entera NIDO Con Chocolate Pou 720 Grm,105.95,Precio por 1 Kilo : $147.15
Alimentos Secos,Leches En Polvo,114609,Leche En Polvo Entera PURISIMA Est 800 Grm,92.05,Precio por 1 Kilo : $115.06
Alimentos Secos,Leches En Polvo,256089,Leche En Polvo Entera SANCOR Vitamina Ayb Cja 400 Grm,70.65,Precio por 1 Kilo : $176.62
Alimentos Secos,Legumbres,69719,Garbanzos Sec.Remo LA BANDA Lat 350 Grm,21.39,Precio por 1 Kilogramo escurrido: $106.95
Alimentos Secos,Legumbres,262113,Jardinera EGRAN Legumbres Y Cereales Bsa 500 Grm,24.6,Precio por 1 Kilo escurrido: $49.20
Alimentos Secos,Legumbres,15474,Lentejas ADENOMAR Bol 400 Grm,16.05,Precio por 1 Kilo : $40.12
Alimentos Secos,Legumbres,171604,Lentejas CIUDAD DEL LAGO Bol 500 Grm,29.95,Precio por 1 Kilo : $59.90
Alimentos Secos,Legumbres,171605,Lentejas COTO Bol 500 Grm,31.05,Precio por 1 Kilo : $62.10
Alimentos Secos,Legumbres,227582,Lentejas Don ELIO Rojas Peladas Bsa 400 Grm,49.25,Precio por 1 Kilo escurrido: $123.12
Alimentos Secos,Legumbres,262106,Lentejas EGRAN Super Rapidas Paq 400 Grm,29.99,Precio por 1 Kilo escurrido: $59.98
Alimentos Secos,Legumbres,27685,Lentejas ELIO Bol 400 Grm,22.49,Precio por 1 Kilo : $56.22
Alimentos Secos,Legumbres,204315,Lentejas INCA Secas Remojadas Lat 350 Grm,18.19,Precio por 1 Kilo escurrido: $90.05
Alimentos Secos,Legumbres,78645,Lentejas LA EGIPCIANA Bol 400 Grm,28.89,Precio por 1 Kilo : $72.22
Alimentos Secos,Legumbres,287155,Lentejas LA EGIPCIANA Secas Remojadas Lat 350 Grm,17.15,Precio por 1 Kilogramo escurrido: $85.75
Alimentos Secos,Legumbres,170564,Lentejas LONQUIMAY Bol 400 Grm,22.49,Precio por 1 Kilo : $56.22
Alimentos Secos,Encurtidos,101922,Aceitunas Negras NUCETE Fra 330 Grm,56.7,Precio por 1 Kilo escurrido: $283.50
Alimentos Secos,Encurtidos,263031,Aceitunas Negras VANOLI Pou 150 Grm,21.39,Precio por 1 Kilo escurrido: $267.37
Alimentos Secos,Encurtidos,7109,Aceitunas Negras Yovinesa  Doy 250 Grm,22.49,Precio por 1 Kilogramo escurrido: $124.95
Alimentos Secos,Encurtidos,247698,Aceitunas Negras YOVINESSA En Salmuera Sch 100 Grm,20.35,Precio por 1 Kilo escurrido: $156.53
Alimentos Secos,Encurtidos,234350,Aceitunas Negras YOVINESSA Premium Fra 330 Grm,56.7,Precio por 1 Kilo escurrido: $283.50
Alimentos Secos,Encurtidos,248143,Aceitunas Prem. Aceitunas Rell BULERIAS Lat 200 Grm,53.49,Precio por 1 Kilo escurrido: $267.45
Alimentos Secos,Encurtidos,248141,Aceitunas Prem. Aceitunas Rell BULERIAS Lat 200 Grm,53.49,Precio por 1 Kilo escurrido: $267.45
Alimentos Secos,Encurtidos,248144,Aceitunas Prem. Aceitunas Rell BULERIAS Lat 200 Grm,53.49,Precio por 1 Kilo escurrido: $629.29
Alimentos Secos,Encurtidos,248142,Aceitunas Prem. Aceitunas Rell BULERIAS Lat 200 Grm,53.49,Precio por 1 Kilo escurrido: $629.29
Alimentos Secos,Encurtidos,269677,Aceitunas Verdes ATILIO AVENA En Salm Arauco Premium Fra 500,87.19,Precio por 1 Kilo escurrido: $174.38
Alimentos Secos,Encurtidos,286193,Aceitunas Verdes ATILIO AVENA Premiun En Pasta Fra 170 Grm,53.7,Precio por 1 Kilo : $315.88
Alimentos Secos,Encurtidos,221912,Aceitunas Verdes Castel Premium Rellenas Fra 360 Grm,64.19,Precio por 1 Kilo escurrido: $291.77
Alimentos Secos,Panadería - Elaboración Propia,47502,Bollitos Jamon COTO X Kg,53.89,Precio por 1 Kilogramo : $53.89
Alimentos Secos,Panadería - Elaboración Propia,47504,Bollitos Multicereal COTO X Kg,53.89,Precio por 1 Kilogramo : $53.89
Alimentos Secos,Panadería - Elaboración Propia,44058,Bollitos Oregano COTO X Kg,53.89,
Alimentos Secos,Panadería - Elaboración Propia,204043,Brownie Con Nuez LA TORTERIA Bli 1 Uni,39,Precio por 1 Unidad : $39.00
Alimentos Secos,Panadería - Elaboración Propia,44615,Budin Crujiente De Chocolate LA TORTERIA X Uni,39,Precio por 1 Unidad : $39.00
Alimentos Secos,Panadería - Elaboración Propia,44618,Budin De Dulce De Leche LA TORTERIA X Uni,39,Precio por 1 Unidad : $39.00
Alimentos Secos,Panadería - Elaboración Propia,44609,Budin De Frutiila LA TORTERIA X Uni,39,Precio por 1 Unidad : $39.00
Alimentos Secos,Panadería - Elaboración Propia,44614,Budin De Frutos Secos LA TORTERIA X Uni,39,Precio por 1 Unidad : $39.00
Alimentos Secos,Panadería - Elaboración Propia,44590,Budin De Limon X Uni,26.5,Precio por 1 Unidad : $26.50
Alimentos Secos,Panadería - Elaboración Propia,44610,Budin De Manzana LA TORTERIA X Uni,39,Precio por 1 Unidad : $39.00
Alimentos Secos,Panadería - Elaboración Propia,44611,Budin De Peras Al Natural LA TORTERIA X Uni,39,Precio por 1 Unidad : $39.00
Alimentos Secos,Panadería - Elaboración Propia,44601,Budin De Vainilla X Uni,26.5,Precio por 1 Unidad : $26.50
Alimentos Secos,Tostadas,55584,Tostadas BREVISS Sin Sal Bol 140 Grm,31.95,Precio por 1 Kilo : $228.21
Alimentos Secos,Tostadas,181856,Tostadas BREVISS Sin Sal Paq 200 Grm,29.95,Precio por 1 Kilo : $149.75
Alimentos Secos,Tostadas,294573,Tostadas Castañas Y Gra BAUDUCCO Paq 160 Grm,36.39,Precio por 1 Kilo : $227.43
Alimentos Secos,Tostadas,188338,Tostadas CEREALITAS De Arroz Paq 160 Grm,48.95,Precio por 1 Kilo : $305.93
Alimentos Secos,Tostadas,294525,Tostadas Con Avena BAUDUCCO Paq 160 Grm,36.39,Precio por 1 Kilo : $227.43
Alimentos Secos,Tostadas,213356,Tostadas CRIOLLITAS Clasicas Paq 200 Grm,27.35,Precio por 1 Kilo : $136.75
Alimentos Secos,Tostadas,255981,Tostadas CRIOLLITAS Dulces Paq 200 Grm,27.95,Precio por 1 Kilo : $139.75
Alimentos Secos,Tostadas,213357,Tostadas CRIOLLITAS Salvado Paq 200 Grm,27.35,Precio por 1 Kilo : $136.75
Alimentos Secos,Tostadas,244835,Tostadas FITZ ROY Dietetica Multicereal Bsa 200 Grm,39.59,Precio por 1 Kilo : $197.95
Alimentos Secos,Tostadas,123074,Tostadas Integrales BAUDUCCO Paq 160 Grm,36.39,Precio por 1 Kilo : $227.43
Alimentos Secos,Tostadas,240008,Tostadas Light FITZ ROY Paq 225 Grm,31.4,Precio por 1 Kilo : $139.55
Alimentos Secos,Tostadas,272015,Tostadas SER Horneadas Paq 200 Grm,32.45,Precio por 1 Kilo escurrido: $162.25
Alimentos Secos,Rebozador Y Pan Rallado,263039,Rebozador P/Horno PREFERIDO Paq 1 Kgm,55.2,Precio por 1 Kilogramo : $55.20
Alimentos Secos,Rebozador Y Pan Rallado,263037,Rebozador P/Horno PREFERIDO Paq 500 Grm,28.59,Precio por 1 Kilo : $57.18
Alimentos Secos,Rebozador Y Pan Rallado,257846,Rebozador PREFERIDO Bsa 1 Kgm,40.15,Precio por 1 Kilogramo : $40.15
Alimentos Secos,Rebozador Y Pan Rallado,257845,Rebozador PREFERIDO Paq 500 Grm,19.59,Precio por 1 Kilo : $39.18
Alimentos Secos,Polvo Para Postres,263072,Leche Condensada NESTLE Descremada Lat 395 Grm,51.35,Precio por 1 Kilo : $130.00
Alimentos Secos,Polvo Para Postres,262892,Leche Condensada NESTLE Entera Lat 397 Grm,52.45,Precio por 1 Kilo : $132.11
Alimentos Secos,Polvo Para Postres,248489,Mousse Dulce De Leche ROYAL Sob 30 Grm,10.4,Precio por 100 Gramos : $34.67
Alimentos Secos,Polvo Para Postres,210330,Mousse Light Chocolate Espe ROYAL Est 40 Grm,10.4,Precio por 100 Gramos : $26.00
Alimentos Secos,Polvo Para Postres,269830,Polvo P/Bizcochuelo ARTESANA Chocolate Bsa 480 Grm,18.75,Precio por 1 Kilogramo : $39.07
Alimentos Secos,Polvo Para Postres,269828,Polvo P/Bizcochuelo ARTESANA Vainilla Bsa 480 Grm,14.99,Precio por 1 Kilogramo : $31.23
Alimentos Secos,Polvo Para Postres,263447,Polvo P/Bizcochuelo BARBARA Chocolate Pou 450 Grm,18.09,Precio por 1 Kilogramo : $40.20
Alimentos Secos,Polvo Para Postres,263448,Polvo P/Bizcochuelo BARBARA Limon Pou 450 Grm,13.9,Precio por 1 Kilogramo : $30.89
Alimentos Secos,Polvo Para Postres,263449,Polvo P/Bizcochuelo BARBARA Naranja Pou 450 Grm,13.9,Precio por 1 Kilogramo : $30.89
Alimentos Secos,Polvo Para Postres,263450,Polvo P/Bizcochuelo BARBARA Vainilla Pou 450 Grm,13.9,Precio por 1 Kilogramo : $30.89
Alimentos Secos,Polvo Para Postres,8221,Polvo P/Bizcochuelo CASERITA Naranja Cja 540 Grm,23.55,Precio por 1 Kilo : $43.61
Alimentos Secos,Polvo Para Postres,8222,Polvo P/Bizcochuelo CASERITA Vainilla Cja 540 Grm,23.55,Precio por 1 Kilo : $43.61
Alimentos Secos,Bizcochuelos - Budines - Especialidades,109386,Bizcochos Agridulce DON SATUR Bol 200 Grm,11.79,Precio por 1 Kilo : $58.95
Alimentos Secos,Bizcochuelos - Budines - Especialidades,263240,Bizcochos Agridulce DULCYPAS Paq 200 Grm,10.69,Precio por 1 Kilo : $53.45
Alimentos Secos,Bizcochuelos - Budines - Especialidades,109385,Bizcochos Azucar Negra DON SATUR Bol 200 Grm,11.79,Precio por 1 Kilo : $58.95
Alimentos Secos,Bizcochuelos - Budines - Especialidades,174819,Bizcochos Azucarad Tia Maruca Bsa 250 Grm,16.39,Precio por 1 Kilo : $65.56
Alimentos Secos,Bizcochuelos - Budines - Especialidades,7056,Bizcochos Azucarados 9 DE ORO Bol 210 Grm,12.29,Precio por 1 Kilo : $58.52
Alimentos Secos,Bizcochuelos - Budines - Especialidades,30039,Bizcochos Azucarados ARCOR Bol 225 Grm,11.45,Precio por 1 Kilo : $57.25
Alimentos Secos,Bizcochuelos - Budines - Especialidades,71020,Bizcochos Azucarados GOLD MUNDO Bol 200 Grm,15.15,Precio por 1 Kilo : $75.75
Alimentos Secos,Bizcochuelos - Budines - Especialidades,257642,Bizcochos De Arroz Gallo Dulce Bsa 100 Grm,24.99,Precio por 1 Kilo : $249.90
Alimentos Secos,Bizcochuelos - Budines - Especialidades,257641,Bizcochos De Arroz Gallo Salados Bsa 100 Grm,24.99,Precio por 1 Kilo : $249.90
Alimentos Secos,Bizcochuelos - Budines - Especialidades,4606,Bizcochos De Grasa 9 DE ORO Bol 200 Grm,12.29,Precio por 1 Kilo : $61.45
Alimentos Secos,Bizcochuelos - Budines - Especialidades,30016,Bizcochos De Grasa ARCOR Bol 200 Grm,11.45,Precio por 1 Kilo : $57.25
Alimentos Secos,Bizcochuelos - Budines - Especialidades,72310,Bizcochos De Grasa GOLD MUNDO Bol 200 Grm,14.45,Precio por 1 Kilo : $72.25
Alimentos Secos,Arroz,264990,Arroz GALLO Integral Est 1 Kgm,38.55,Precio por 1 Kilogramo escurrido: $38.55
Alimentos Secos,Arroz,264987,Arroz GALLO Integral Paq 500 Grm,20.35,Precio por 1 Kilogramo : $40.70
Alimentos Secos,Arroz,264989,Arroz GALLO Largo Fino Est 1 Kgm,25.65,Precio por 1 Kilogramo escurrido: $25.65
Alimentos Secos,Arroz,264657,Arroz GALLO Largo Fino Paq 1 Kgm,25.69,Precio por 1 Kilogramo escurrido: $25.69
Alimentos Secos,Arroz,264986,Arroz GALLO Largo Fino Paq 500 Grm,13.9,Precio por 1 Kilogramo : $27.80
Alimentos Secos,Arroz,264557,Arroz GALLO Oro Est 1 Kgm,32.99,Precio por 1 Kilogramo escurrido: $32.99
Alimentos Secos,Arroz,254801,Arroz KNORR Listo 4 Quesos Sob 185 Grm,41.79,Precio por 1 Kilogramo : $225.90
Alimentos Secos,Arroz,255698,Arroz KNORR Listo Primavera Sob 197 Grm,40.69,Precio por 1 Kilo : $206.54
Alimentos Secos,Arroz,254800,Arroz KNORR Listo Tipo Paella Sob 185 Grm,39.75,Precio por 1 Kilogramo : $217.22
Alimentos Secos,Arroz,263230,Arroz KNORR Listo Vegetales Y Pollo Sob 191 Grm,41.75,Precio por 1 Kilogramo : $218.59
Alimentos Secos,Arroz,288062,Arroz Koshihikari DOS HERMANOS Cja 500 Grm,25.45,Precio por 1 Kilo : $50.90
Alimentos Secos,Arroz,251434,Arroz Largo Fino LUCCHETTI  00000 Paq 500 Grm,8.99,Precio por 1 Kilo : $17.98
Alimentos Secos,Mermeladas Y Dulces,242494,Dulce Frutos Del Bosque CABAÑA MICO Fra 454 Grm,97.39,Precio por 1 Kilo : $214.51
Alimentos Secos,Mermeladas Y Dulces,3236,Jalea De Membrillo LA CAMPAGNOLA Fra 454 Grm,49.25,Precio por 1 Kilo : $108.48
Alimentos Secos,Mermeladas Y Dulces,271792,Jalea De Membrillo Light CORMILLOT Fra 390 Grm,39.59,Precio por 1 Kilo : $101.51
Alimentos Secos,Mermeladas Y Dulces,10494,Mermelada ARCOR Ciruela Fra 454 Grm,19.85,Precio por 1 Kilo : $43.72
Alimentos Secos,Mermeladas Y Dulces,10495,Mermelada ARCOR Damasco Fra 454 Grm,33.69,Precio por 1 Kilo : $74.20
Alimentos Secos,Mermeladas Y Dulces,10496,Mermelada ARCOR Durazno Fra 454 Grm,33.69,Precio por 1 Kilo : $74.20
Alimentos Secos,Mermeladas Y Dulces,2330,Mermelada ARCOR Frutilla Fra 454 Grm,42.79,Precio por 1 Kilo : $94.25
Alimentos Secos,Mermeladas Y Dulces,10663,Mermelada ARCOR Naranja Fra 454 Grm,33.69,Precio por 1 Kilo : $74.20
Alimentos Secos,Mermeladas Y Dulces,70175,Mermelada Artesanal EL BOLSON Frambuesa Fra 454 Grm,88.8,Precio por 1 Kilo : $195.59
Alimentos Secos,Mermeladas Y Dulces,70174,Mermelada Artesanal EL BOLSON Frutilla Fra 454 Grm,85.59,Precio por 1 Kilo : $188.52
Alimentos Secos,Mermeladas Y Dulces,70171,Mermelada Artesanal EL BOLSON Manzana Fra 454 Grm,72.75,Precio por 1 Kilo : $160.24
Alimentos Secos,Mermeladas Y Dulces,70176,Mermelada Artesanal EL BOLSON Zarzamora Fra 454 Grm,100.59,Precio por 1 Kilo : $221.56
Alimentos Secos,Galletitas,238082,Galletas De Arroz GRANDIET Dulces Bsa 100 Grm,18.19,Precio por 1 Kilo : $181.90
Alimentos Secos,Galletitas,238081,Galletas De Arroz GRANDIET Integral Sin Sal Bsa 100 Grm,18.19,Precio por 1 Kilo : $181.90
Alimentos Secos,Galletitas,191069,Galletas De Arroz MACROBIOTICA Con Sal Paq 102 Grm,24.6,Precio por 1 Kilo : $241.17
Alimentos Secos,Galletitas,191070,Galletas De Arroz MACROBIOTICA Dulce Paq 102 Grm,24.6,Precio por 1 Kilo : $241.17
Alimentos Secos,Galletitas,181854,Galletas De Arroz MACROBIOTICA Integral Sin Sal Paq 102 Grm,24.6,Precio por 1 Kilo : $241.17
Alimentos Secos,Galletitas,264080,Galletas De Avena CACHAFAZ Almendra Y Mani Paq 225 Grm,32.09,Precio por 1 Kilo : $142.62
Alimentos Secos,Galletitas,264081,Galletas De Avena CACHAFAZ Chip De Chocolate Paq 225 Grm,32.09,Precio por 1 Kilo : $142.62
Alimentos Secos,Galletitas,284919,Galletas Dulces GRANDIET Chocolate Cja 150 Grm,64.19,Precio por 1 Kilo : $427.93
Alimentos Secos,Galletitas,284907,Galletas Dulces GRANDIET Coco Cja 150 Grm,64.19,Precio por 1 Kilo : $427.93
Alimentos Secos,Galletitas,284906,Galletas Dulces GRANDIET Limon Cja 150 Grm,64.19,Precio por 1 Kilo : $427.93
Alimentos Secos,Galletitas,284905,Galletas Dulces GRANDIET Miel Cja 150 Grm,64.19,Precio por 1 Kilo : $427.93
Alimentos Secos,Galletitas,261024,Galletas LA BIZANTINA Avena,25.95,Precio por 1 Kilo : $144.16
Alimentos Frescos,Lácteos,255684,Crema De Leche LA SERENISIMA F/ Vitaminas A/E Ctn 200 Cmq,21.89,Precio por 1 Litro : $109.45
Alimentos Frescos,Lácteos,281956,Crema De Leche LA SERENISIMA Light Pot 200 Cmq,22.65,Precio por 1 Litro : $113.25
Alimentos Frescos,Lácteos,258462,Crema De Leche LA SERENISIMA Vitamina A/E Ctn 500 Cc,55.49,Precio por 1 Litro : $110.98
Alimentos Frescos,Lácteos,89286,Crema De Leche MILKAUT Pot 360 Cc,38.55,Precio por 1 Litro : $107.08
Alimentos Frescos,Lácteos,251615,Crema De Leche SANCOR Light Pot 200 Cc,21.09,Precio por 1 Litro : $105.45
Alimentos Frescos,Lácteos,251611,Crema De Leche SANCOR Multivitaminas Pot 200 Cc,21.35,Precio por 1 Litro : $106.75
Alimentos Frescos,Lácteos,251616,Crema De Leche SANCOR Multivitaminas Pot 360 Cc,37.79,Precio por 1 Litro : $104.97
Alimentos Frescos,Lácteos,14553,Crema De Leche SANCOR Ttb 500 Cc,48.89,Precio por 1 Litro : $97.78
Alimentos Frescos,Lácteos,161832,Crema De Leche TREGAR Pot 200 Cc,16.39,Precio por 1 Litro : $81.95
Alimentos Frescos,Lácteos,161825,Crema De Leche TREGAR Pot 350 Cc,25.69,Precio por 1 Litro : $73.40
Alimentos Frescos,Lácteos,251610,Crema Leche Uat SANCOR Ttb 250 Cmq,17.09,Precio por 1 Litro : $68.36
Alimentos Frescos,Lácteos,224958,Dulce De Leche COTO Fra 450 Grm,38.55,Precio por 1 Kilo : $85.66
Otros,Deportes,216284,Aro Basket Comp C Volcada . . .,170.13,
Otros,Deportes,252167,Aro De Basket Nº7 . . . .,159.43,
Otros,Deportes,252166,Aro De Basket Nº7 Con Volcada . . .,191.53,
Otros,Deportes,218935,Banda Con Tobillera . . . .,266.5,
Otros,Deportes,218936,Banda En Forma De Ocho . . .,202.3,
Otros,Deportes,218937,Banda Larga Economica . . . .,277.2,
Otros,Deportes,219533,Banda Redonda . . . .,180.9,
Otros,Deportes,262818,Barra Con Topes Hueca . . . .,362.8,
Otros,Deportes,200896,Barral Para Ejercicios Top Fitness,399,
Otros,Deportes,223559,Bicicleta Fija De Ejercicio Manual 79x46x111 Cm.,399,
Otros,Deportes,182474,Bicicleta Playera Dama Rodado 26,749,
Otros,Deportes,209954,Bicicleta Plegable Mtdp-652-B-1 . . .,707,
Otros,Camping,270375,Alfombra Camping Con Licencia A . . .,405.6,
Otros,Camping,270376,Alfombra Camping Con Licencia B . . .,715.9,
Otros,Camping,245900,Almohada De Viaje Intex . . .,64.1,
Otros,Camping,245901,Almohada Inflable Niños Surtido . . .,58.8,
Otros,Camping,253336,Almohada Top Camping 27 X 36 Cm. . . .,96.2,
Otros,Camping,254522,Banqueta Alum. Camping Pleg. 40x35x42 Cm. . . .,213,
Otros,Camping,233630,Bolsa De Dormir Hello Kitty . . .,566.1,
Otros,Camping,270363,Bolsa De Dormir Minnie / Mickey . . .,566.1,
Otros,Camping,221717,Bolsa De Dormir Mummy 210 X 80 X 50 Cm,899,
Otros,Camping,129502,Bolsa De Dormir Top Camping 190 X 75 Cm,279,
Otros,Camping,129504,Bolsa De Dormir Top Camping Mummy 230 X 8 X 55 Cm,279,
Otros,Camping,221726,Bolso Termico P/ Camping 28 Lts . . .,416.3,
Alimentos Secos,Alimento Bebe,262155,Cereal Infantil NESTUM Multicereal C/Hierro Cja 200 G,42.99,Precio por 1 Kilo : $214.95
Alimentos Secos,Alimento Bebe,289055,Cereal Infantil NUTRILON 5 Cereales  Lat 200 Grm,66.05,Precio por 1 Kilo : $330.25
Alimentos Secos,Alimento Bebe,289059,Cereal Infantil NUTRILON Arroz Banana Y Manzana Lat 200 Grm,66.05,Precio por 1 Kilo : $330.25
Alimentos Secos,Alimento Bebe,289058,Cereal Infantil NUTRILON Arroz Lat 200 Grm,66.05,Precio por 1 Kilo : $330.25
Alimentos Secos,Alimento Bebe,289056,Cereal Infantil NUTRILON Maiz Lat 200 Grm,66.05,Precio por 1 Kilo : $330.25
Alimentos Secos,Alimento Bebe,256574,Cereal Infantil Trigo Y  Miel NESTUM Cja 200 Grm,42.99,Precio por 1 Kilo : $214.95
Alimentos Secos,Alimento Bebe,256571,Cereal Infantil Trigo Y Frutas NESTUM Cja 200 Grm,42.99,Precio por 1 Kilo : $214.95
Alimentos Secos,Alimento Bebe,267217,Cereal Infantil Zapallo Con Zanahoria Vegetales  NESTUM,42.99,Precio por 1 Kilo : $214.95
Alimentos Secos,Alimento Bebe,289057,Cereales Infantile Arroz Avena Ba NUTRILON Lat 200 Grm,66.05,Precio por 1 Kilo : $330.25
Alimentos Secos,Alimento Bebe,295394,Cereales Infantile Banana Nestum Paq .5 Kgm,96.29,Precio por 1 Kilogramo : $192.58
Alimentos Secos,Alimento Bebe,272650,Galletitas P/Bebe SMOOKIES Ciruela Y Banana Paq. 150 Grm,46.45,Precio por 1 Kilo : $309.66
Alimentos Secos,Alimento Bebe,272641,Galletitas P/Bebe SMOOKIES Ciruela Y Trigo Paq 150 Grm,46.45,Precio por 1 Kilo : $309.66
Alimentos Secos,Sabores Del Mundo,230663,Dulce De Guindas MASSEUBE Fra 450 Grm,106.99,Precio por 1 Kilo : $237.75
Alimentos Secos,Sabores Del Mundo,230661,Dulce De Mosquetas MASSEUBE Fra 450 Grm,100.05,Precio por 1 Kilo : $222.33
Alimentos Secos,Sabores Del Mundo,230662,Dulce De Sauco MASSEUBE Fra 450 Grm,102.75,Precio por 1 Kilo : $228.33
Alimentos Secos,Sabores Del Mundo,218918,Dulce Light Blueberry Arandano MASSEUBE Fra 260 Grm,75.85,Precio por 1 Kilo : $291.73
Alimentos Secos,Sabores Del Mundo,218917,Dulce Light Frutos Bosque MASSEUBE Fra 260 Grm,82.7,Precio por 1 Kilo : $318.07
Alimentos Secos,Sabores Del Mundo,218919,Dulce Light Mosqueta MASSEUBE Fra 260 Grm,75.29,Precio por 1 Kilo : $289.57
Alimentos Secos,Sabores Del Mundo,219389,Fideos  Nidi Nº 5 LA MOLISANA Est 500 Grm,117.69,Precio por 1 Kilo : $235.38
Alimentos Secos,Sabores Del Mundo,195074,Fideos Guiseros LA MOLISANA Fussilli Paq 500 Grm,102.75,Precio por 1 Kilo : $205.50
Alimentos Secos,Sabores Del Mundo,1406,Fideos Guiseros Sem. BARILLA Fusilli Cja 500 Grm,101.65,Precio por 1 Kilo : $203.30
Alimentos Secos,Sabores Del Mundo,1404,Fideos Guiseros Sem. BARILLA Penne Rigate Cja 500 Grm,101.65,Precio por 1 Kilo : $203.30
Alimentos Secos,Sabores Del Mundo,187579,Fideos Guiseros Sem. BARILLA Rigatoni Cja 500 Grm,101.65,Precio por 1 Kilo : $203.30
Alimentos Secos,Sabores Del Mundo,186547,Fideos Guiseros Sem. COLAVITA Penne Rigatti Paq 500 Grm,81.2,Precio por 1 Kilo : $162.40
Alimentos Secos,Leches En Polvo,254437,Leche En Polvo LA SERENISIMA Con Vit. B9 Est 500 Grm.,83.45,Precio por 1 Kilo : $166.90
Alimentos Secos,Leches En Polvo,260406,Leche En Polvo NAN Opti-Pro 1 Lat 900 Grm,342.39,Precio por 1 Kilo : $380.43
Alimentos Secos,Leches En Polvo,260407,Leche En Polvo NAN Opti-Pro 2 Lat 900 Grm,302.8,Precio por 1 Kilo : $336.44
Alimentos Secos,Leches En Polvo,260408,Leche En Polvo NAN Opti-Pro 3 Lat 800 Grm,194.99,Precio por 1 Kilo : $243.73
Alimentos Secos,Leches En Polvo,257084,Leche En Polvo NIDINA Formula Infantil Etapa 1 Lat 800 Grm,166.95,Precio por 1 Kilo : $208.68
Alimentos Secos,Leches En Polvo,257085,Leche En Polvo NIDINA Formula Infantil Etapa 2 Lat 800 Grm,149.79,Precio por 1 Kilo : $187.23
Alimentos Secos,Leches En Polvo,264540,Leche En Polvo NIDO Instantane Fortigrow Lat 800 Grm,113.45,Precio por 1 Kilo : $141.81
Alimentos Secos,Leches En Polvo,264541,Leche En Polvo NIDO Primera Infancia Lat 800 Grm.,96.99,Precio por 1 Kilo : $121.23
Alimentos Secos,Leches En Polvo,283786,Leche En Polvo NUTRILON Pro Futura 4 Lat 800 Grm,247.19,Precio por 1 Kilo : $308.98
Alimentos Secos,Leches En Polvo,269096,Leche En Polvo Pro Futura NUTRILON 1 Lat 800 Grm,363.79,Precio por 1 Kilo : $454.73
Alimentos Secos,Leches En Polvo,269097,Leche En Polvo Pro Futura NUTRILON 2 Lat 800 Grm,342.39,Precio por 1 Kilo : $427.98
Alimentos Secos,Leches En Polvo,269098,Leche En Polvo Pro Futura NUTRILON 3 Lat 800 Grm,252.85,Precio por 1 Kilo : $316.06
Alimentos Secos,Legumbres,110363,Lentejas RAMONEDA Bol 500 Grm,27.85,Precio por 1 Kilo : $55.70
Alimentos Secos,Legumbres,55874,Lentejon ADENOMAR Bol 400 Grm,21.39,Precio por 1 Kilo : $53.47
Alimentos Secos,Legumbres,129770,Lentejon ELIO Bol 400 Grm,37.45,Precio por 1 Kilo : $93.62
Alimentos Secos,Legumbres,78644,Lentejon LA EGIPCIANA Selección Superior Bol 400 Grm,31.05,Precio por 1 Kilo : $77.62
Alimentos Secos,Legumbres,7524,Lentejon RAMONEDA Bol 500 Grm,34.25,Precio por 1 Kilo : $68.50
Alimentos Secos,Legumbres,262127,Lentejones EGRAN Sin Remojo Bsa 400 Grm,48.15,Precio por 1 Kilo : $120.37
Alimentos Secos,Legumbres,78647,Maiz Blanco La Egipciana Paq 400 Grm,22.49,Precio por 1 Kilo : $56.22
Alimentos Secos,Legumbres,262108,Maiz EGRAN Pelado Blanco Bsa 500 Grm,24.6,Precio por 1 Kilo escurrido: $49.20
Alimentos Secos,Legumbres,27687,Maiz Pisado Blanco ELIO Bol 400 Grm,28.89,Precio por 1 Kilo : $72.22
Alimentos Secos,Legumbres,170566,Maiz Pisado Blanco LONQUIMAY Bol 400 Grm,21.39,Precio por 1 Kilo : $53.47
Alimentos Secos,Legumbres,213289,Maiz Pisado Blanco RAMONEDA Paq 500 Grm,22.47,Precio por 1 Kilo : $44.94
Alimentos Secos,Legumbres,27688,Maiz Pisado Colorado ELIO Bol 500 Grm,21.39,Precio por 1 Kilo : $42.78
Alimentos Secos,Encurtidos,243527,Aceitunas Verdes CASTELL Ahumado Fra 360 Grm,70.65,Precio por 1 Kilo escurrido: $321.13
Alimentos Secos,Encurtidos,124092,Aceitunas Verdes CASTELL Descarozadas Fra 200 Grm,43.89,Precio por 1 Kilo escurrido: $274.31
Alimentos Secos,Encurtidos,86458,Aceitunas Verdes CASTELL Descarozadas Pou 180 Grm,22.49,Precio por 1 Kilo escurrido: $281.12
Alimentos Secos,Encurtidos,100353,Aceitunas Verdes CASTELL Descarozadas Pou 300 Grm,35.3,Precio por 1 Kilo escurrido: $235.33
Alimentos Secos,Encurtidos,220073,Aceitunas Verdes CASTELL En Rodajas Doy 300 Grm,29.25,Precio por 1 Kilo escurrido: $195.00
Alimentos Secos,Encurtidos,86457,Aceitunas Verdes CASTELL En Rodajas Pou 180 Grm,20.25,Precio por 1 Kilo escurrido: $253.12
Alimentos Secos,Encurtidos,63853,Aceitunas Verdes CASTELL Pou 200 Grm,20.85,Precio por 1 Kilo escurrido: $208.50
Alimentos Secos,Encurtidos,100354,Aceitunas Verdes CASTELL Pou 300 Grm,34.25,Precio por 1 Kilo escurrido: $190.27
Alimentos Secos,Encurtidos,55826,Aceitunas Verdes CASTELL Pou 800 Grm,62.05,Precio por 1 Kilo escurrido: $124.10
Alimentos Secos,Encurtidos,220396,Aceitunas Verdes CASTELL Premium Descarozada  Fra 360gr,53.49,Precio por 1 Kilo escurrido: $297.16
Alimentos Secos,Encurtidos,217312,Aceitunas Verdes CASTELL Premium Fra 360 Grm,74.89,Precio por 1 Kilo escurrido: $340.40
Alimentos Secos,Encurtidos,205906,Aceitunas Verdes CASTELL Premium Fra 500 Grm,119.85,Precio por 1 Kilogramo escurrido: $239.70
Alimentos Secos,Panadería - Elaboración Propia,44589,Budin Ingles X Uni,26.5,Precio por 1 Unidad : $26.50
Alimentos Secos,Panadería - Elaboración Propia,44606,Budin Marmolado X Uni,26.5,Precio por 1 Unidad : $26.50
Alimentos Secos,Panadería - Elaboración Propia,47896,Budincito Chocolate T X Uni,39,Precio por 1 Unidad : $39.00
Alimentos Secos,Panadería - Elaboración Propia,47894,Budincito Marmolado T X Uni,33,Precio por 1 Unidad : $33.00
Alimentos Secos,Panadería - Elaboración Propia,47898,Budincito Vainilla T X Uni,33,Precio por 1 Unidad : $33.00
Alimentos Secos,Panadería - Elaboración Propia,45871,Caserito Rustico De Campo Bco LA TORTERIA Uni,8.8,
Alimentos Secos,Panadería - Elaboración Propia,47507,Ciabatta Comun COTO X Kg,52.99,Precio por 1 Kilogramo : $52.99
Alimentos Secos,Panadería - Elaboración Propia,204092,Conito Dulce Leche - Chocolate Negro LA TORTERIA Bli 6 Uni,36,Precio por 1 Unidad : $6.00
Alimentos Secos,Panadería - Elaboración Propia,284557,Coquitos LA TORTERIA Bli 6 Uni,36,Precio por 1 Unidad : $6.00
Alimentos Secos,Panadería - Elaboración Propia,45246,Cremona T X Uni,28.8,
Alimentos Secos,Panadería - Elaboración Propia,47518,Criollitos COTO X Kg,65.99,Precio por 1 Kilogramo : $65.99
Alimentos Secos,Panadería - Elaboración Propia,267493,Cubanitos MARCELO CUETO Bsa 150 Grm,29.99,Precio por 1 Kilo : $199.93
Alimentos Secos,Tostadas,268133,Tostadas TIA MARUCA De Arroz Bsa 120 Grm,26.05,Precio por 1 Kilo : $217.08
Alimentos Secos,Tostadas,97802,Tostadas TOSTLIGHT De Gluten Paq 200 Grm,31.4,Precio por 1 Kilo : $157.00
Alimentos Secos,Tostadas,46229,Tostadas Tostlight Light Briochadas Paq 200 Grm,39.55,Precio por 1 Kilo : $197.75
Alimentos Secos,Tostadas,46230,Tostadas TOSTLIGHT Light De Salvado Paq 200 Grm,31.4,Precio por 1 Kilo : $157.00
Alimentos Secos,Tostadas,41556,Tostadas TOSTLIGHT Light Paq 200 Grm,31.4,Precio por 1 Kilo : $157.00
Alimentos Secos,Tostadas,97803,Tostadas TOSTLIGHT Sin Sal Paq 200 Grm,31.4,Precio por 1 Kilo : $157.00
Alimentos Secos,Tostadas,227333,Tostadas TWISTOS Cuatro Quesos  Paq 180 Grm,36.69,Precio por 1 Kilo : $203.83
Alimentos Secos,Tostadas,227332,Tostadas TWISTOS Cuatro Quesos Paq 112 Grm,30.95,Precio por 1 Kilo : $276.33
Alimentos Secos,Tostadas,227336,Tostadas TWISTOS Jamon Iberico Paq 112 Grm,30.95,Precio por 1 Kilo : $276.33
Alimentos Secos,Tostadas,227335,Tostadas TWISTOS Jamon Iberico Paq 180 Grm,36.69,Precio por 1 Kilo : $203.83
Alimentos Secos,Tostadas,264103,Tostadas Venezianas Light Dulces Paq 200 Grm,31.85,Precio por 1 Kilo : $159.25
Alimentos Secos,Tostadas,271371,Tostaditas TIA MARUCA De Arroz S/Sal Bsa 120 Grm,26.05,Precio por 1 Kilo : $217.08
Alimentos Secos,Polvo Para Postres,126613,Polvo P/Bizcochuelo CIUDAD DEL LAGO Chocolate Pou 480 Grm,26.75,Precio por 1 Kilo : $55.72
Alimentos Secos,Polvo Para Postres,126612,Polvo P/Bizcochuelo CIUDAD DEL LAGO Vainilla Pou 480 Grm,21.95,Precio por 1 Kilo : $45.72
Alimentos Secos,Polvo Para Postres,55332,Polvo P/Bizcochuelo COTO Chocolate Est 540 Grm,29.95,Precio por 1 Kilo : $55.46
Alimentos Secos,Polvo Para Postres,55330,Polvo P/Bizcochuelo COTO Naranja Est 540 Grm,24.6,Precio por 1 Kilo : $45.55
Alimentos Secos,Polvo Para Postres,55331,Polvo P/Bizcochuelo COTO Vainilla Est 540 Grm,24.6,Precio por 1 Kilo : $45.55
Alimentos Secos,Polvo Para Postres,253266,Polvo P/Bizcochuelo EMETH Chocolate  Paq 450 Grm,22.49,Precio por 1 Kilogramo : $49.98
Alimentos Secos,Polvo Para Postres,253273,Polvo P/Bizcochuelo EMETH Coco Pouch Fortific Paq 450 Gr,17.15,Precio por 1 Kilogramo : $38.12
Alimentos Secos,Polvo Para Postres,260006,Polvo P/Bizcochuelo EMETH Sin Tac Chocolate Est 500 Grm,45.15,Precio por 1 Kilogramo : $90.30
Alimentos Secos,Polvo Para Postres,259814,Polvo P/Bizcochuelo EMETH Sin Tac Vainilla Est 500 Grm,45.15,Precio por 1 Kilogramo : $90.30
Alimentos Secos,Polvo Para Postres,256012,Polvo P/Bizcochuelo EMETH Vainilla Con Chips Pou 450grm,19.25,Precio por 1 Kilogramo : $42.78
Alimentos Secos,Polvo Para Postres,253272,Polvo P/Bizcochuelo EMETH Vainilla Pouch Paq 450 Grm,20.85,Precio por 1 Kilogramo : $46.34
Alimentos Secos,Polvo Para Postres,240143,Polvo P/Bizcochuelo EXQUISITA Chocolate Esponjoso Est 540 Gr,36.99,Precio por 1 Kilogramo : $68.50
Alimentos Secos,Bizcochuelos - Budines - Especialidades,118374,Bizcochos De Grasa JORGITO Bol 200 Grm,13.39,Precio por 1 Kilo : $66.95
Alimentos Secos,Bizcochuelos - Budines - Especialidades,243928,Bizcochos De Grasa TIA MARUCA Felipitos Paq 180 Grm,17.29,Precio por 1 Kilo : $96.05
Alimentos Secos,Bizcochuelos - Budines - Especialidades,103807,Bizcochos De Salvado 9 DE ORO Bol 200 Grm,12.29,Precio por 1 Kilo : $61.45
Alimentos Secos,Bizcochuelos - Budines - Especialidades,177319,Bizcochos GRANIX Con Sesamo Bol 180 Grm,20.6,Precio por 1 Kilo : $114.44
Alimentos Secos,Bizcochuelos - Budines - Especialidades,203726,Bizcochos GRANIX Integrales Paq 180 Grm,20.7,Precio por 1 Kilo : $115.00
Alimentos Secos,Bizcochuelos - Budines - Especialidades,177321,Bizcochos GRANIX Tradicionales Bol 180 Grm,16.69,Precio por 1 Kilo : $92.72
Alimentos Secos,Bizcochuelos - Budines - Especialidades,174818,Bizcochos Grasa Tia Maruca Bsa 250 Grm,16.39,Precio por 1 Kilo : $65.56
Alimentos Secos,Bizcochuelos - Budines - Especialidades,217504,Bizcochos KES BUN Queso Paq 100 Grm,9.74,Precio por 1 Kilo : $97.40
Alimentos Secos,Bizcochuelos - Budines - Especialidades,79953,Bizcochos Light 9 DE ORO Bol 170 Grm,12.29,Precio por 1 Kilo : $72.29
Alimentos Secos,Bizcochuelos - Budines - Especialidades,109387,Bizcochos Salados DON SATUR Bol 200 Grm,11.79,Precio por 1 Kilo : $58.95
